Davonte,Strosin,nettie_wuckert@jerde.org,(955) 060-3365 x96529,2017-01-09
maria,fernandez,mf@gmail.com,123546372,2017-01-17
Gillian,Lind,malvina_ebert@reichert.biz,(974) 214-5270,2016-08-26
Monty,Goyette,alex@gerhold.co,703-325-7936 x70201,2017-02-18
Erich,Weissnat,ari_wuckert@mitchell.name,(722) 715-0846,2016-11-22
Maverick,Kovacek,merlin@faykshlerin.net,986-470-1031 x3530,2016-08-05
Nadia,Price,brett_moen@haley.biz,1-625-680-5181 x3011,2017-02-04
Kevon,Cole,zelda.lind@runtecarter.io,(532) 252-4723 x4411,2016-08-04
Quentin,Spinka,freddy.goyette@beer.org,542.180.7713 x628,2016-07-20
Dario,Davis,dave.okuneva@walsh.com,(128) 559-4270 x82196,2017-03-01
Della,Gaylord,angeline_jacobson@hills.com,(914) 054-5964,2017-03-10
Hertha,Skiles,milton@sauerohara.com,692.461.1941,2017-01-13
Mariela,Hartmann,jerel_baumbach@thiel.biz,796-682-3177 x829,2016-11-22
Lois,Zulauf,elza@schoenquigley.biz,(923) 798-2631,2017-03-25
Bryana,Kemmer,dawn@dubuque.net,1-243-722-0859,2017-01-14
